<?xml version="1.0" ?><dpinst>
<language code="0x0000"><eula type="txt" path="licence.txt"/></language>
<language code="0x0004"><eula type="txt" path="licence.txt"/></language>
<language code="0x001A"><eula type="txt" path="licence.txt"/></language>
<language code="0x007F"><eula type="txt" path="licence.txt"/></language>
<language code="0x0400"><eula type="txt" path="licence.txt"/></language>
<language code="0x0401"><eula type="txt" path="licence.txt"/></language>
<language code="0x0402"><eula type="txt" path="licence.txt"/></language>
<language code="0x0403"><eula type="txt" path="licence.txt"/></language>
<language code="0x0404"><eula type="txt" path="licence.txt"/></language>
<language code="0x0405"><eula type="txt" path="licence.txt"/></language>
<language code="0x0406"><eula type="txt" path="licence.txt"/></language>
<language code="0x0407"><eula type="txt" path="licence.txt"/></language>
<language code="0x0408"><eula type="txt" path="licence.txt"/></language>
<language code="0x0409"><eula type="txt" path="licence.txt"/></language>
<language code="0x040A"><eula type="txt" path="licence.txt"/></language>
<language code="0x040B"><eula type="txt" path="licence.txt"/></language>
<language code="0x040C"><eula type="txt" path="licence.txt"/></language>
<language code="0x040D"><eula type="txt" path="licence.txt"/></language>
<language code="0x040E"><eula type="txt" path="licence.txt"/></language>
<language code="0x040F"><eula type="txt" path="licence.txt"/></language>
<language code="0x0410"><eula type="txt" path="licence.txt"/></language>
<language code="0x0411"><eula type="txt" path="licence.txt"/></language>
<language code="0x0412"><eula type="txt" path="licence.txt"/></language>
<language code="0x0413"><eula type="txt" path="licence.txt"/></language>
<language code="0x0414"><eula type="txt" path="licence.txt"/></language>
<language code="0x0415"><eula type="txt" path="licence.txt"/></language>
<language code="0x0416"><eula type="txt" path="licence.txt"/></language>
<language code="0x0417"><eula type="txt" path="licence.txt"/></language>
<language code="0x0418"><eula type="txt" path="licence.txt"/></language>
<language code="0x0419"><eula type="txt" path="licence.txt"/></language>
<language code="0x041A"><eula type="txt" path="licence.txt"/></language>
<language code="0x041B"><eula type="txt" path="licence.txt"/></language>
<language code="0x041C"><eula type="txt" path="licence.txt"/></language>
<language code="0x041D"><eula type="txt" path="licence.txt"/></language>
<language code="0x041E"><eula type="txt" path="licence.txt"/></language>
<language code="0x041F"><eula type="txt" path="licence.txt"/></language>
<language code="0x0420"><eula type="txt" path="licence.txt"/></language>
<language code="0x0421"><eula type="txt" path="licence.txt"/></language>
<language code="0x0422"><eula type="txt" path="licence.txt"/></language>
<language code="0x0423"><eula type="txt" path="licence.txt"/></language>
<language code="0x0424"><eula type="txt" path="licence.txt"/></language>
<language code="0x0425"><eula type="txt" path="licence.txt"/></language>
<language code="0x0426"><eula type="txt" path="licence.txt"/></language>
<language code="0x0427"><eula type="txt" path="licence.txt"/></language>
<language code="0x0428"><eula type="txt" path="licence.txt"/></language>
<language code="0x0429"><eula type="txt" path="licence.txt"/></language>
<language code="0x042A"><eula type="txt" path="licence.txt"/></language>
<language code="0x042B"><eula type="txt" path="licence.txt"/></language>
<language code="0x042C"><eula type="txt" path="licence.txt"/></language>
<language code="0x042D"><eula type="txt" path="licence.txt"/></language>
<language code="0x042E"><eula type="txt" path="licence.txt"/></language>
<language code="0x042F"><eula type="txt" path="licence.txt"/></language>
<language code="0x0430"><eula type="txt" path="licence.txt"/></language>
<language code="0x0431"><eula type="txt" path="licence.txt"/></language>
<language code="0x0432"><eula type="txt" path="licence.txt"/></language>
<language code="0x0433"><eula type="txt" path="licence.txt"/></language>
<language code="0x0434"><eula type="txt" path="licence.txt"/></language>
<language code="0x0435"><eula type="txt" path="licence.txt"/></language>
<language code="0x0436"><eula type="txt" path="licence.txt"/></language>
<language code="0x0437"><eula type="txt" path="licence.txt"/></language>
<language code="0x0438"><eula type="txt" path="licence.txt"/></language>
<language code="0x0439"><eula type="txt" path="licence.txt"/></language>
<language code="0x043A"><eula type="txt" path="licence.txt"/></language>
<language code="0x043B"><eula type="txt" path="licence.txt"/></language>
<language code="0x043C"><eula type="txt" path="licence.txt"/></language>
<language code="0x043D"><eula type="txt" path="licence.txt"/></language>
<language code="0x043E"><eula type="txt" path="licence.txt"/></language>
<language code="0x043F"><eula type="txt" path="licence.txt"/></language>
<language code="0x0440"><eula type="txt" path="licence.txt"/></language>
<language code="0x0441"><eula type="txt" path="licence.txt"/></language>
<language code="0x0442"><eula type="txt" path="licence.txt"/></language>
<language code="0x0443"><eula type="txt" path="licence.txt"/></language>
<language code="0x0444"><eula type="txt" path="licence.txt"/></language>
<language code="0x0445"><eula type="txt" path="licence.txt"/></language>
<language code="0x0446"><eula type="txt" path="licence.txt"/></language>
<language code="0x0447"><eula type="txt" path="licence.txt"/></language>
<language code="0x0448"><eula type="txt" path="licence.txt"/></language>
<language code="0x0449"><eula type="txt" path="licence.txt"/></language>
<language code="0x044A"><eula type="txt" path="licence.txt"/></language>
<language code="0x044B"><eula type="txt" path="licence.txt"/></language>
<language code="0x044C"><eula type="txt" path="licence.txt"/></language>
<language code="0x044D"><eula type="txt" path="licence.txt"/></language>
<language code="0x044E"><eula type="txt" path="licence.txt"/></language>
<language code="0x044F"><eula type="txt" path="licence.txt"/></language>
<language code="0x0450"><eula type="txt" path="licence.txt"/></language>
<language code="0x0451"><eula type="txt" path="licence.txt"/></language>
<language code="0x0452"><eula type="txt" path="licence.txt"/></language>
<language code="0x0453"><eula type="txt" path="licence.txt"/></language>
<language code="0x0454"><eula type="txt" path="licence.txt"/></language>
<language code="0x0455"><eula type="txt" path="licence.txt"/></language>
<language code="0x0456"><eula type="txt" path="licence.txt"/></language>
<language code="0x0457"><eula type="txt" path="licence.txt"/></language>
<language code="0x0458"><eula type="txt" path="licence.txt"/></language>
<language code="0x0459"><eula type="txt" path="licence.txt"/></language>
<language code="0x045A"><eula type="txt" path="licence.txt"/></language>
<language code="0x045B"><eula type="txt" path="licence.txt"/></language>
<language code="0x045C"><eula type="txt" path="licence.txt"/></language>
<language code="0x045D"><eula type="txt" path="licence.txt"/></language>
<language code="0x045E"><eula type="txt" path="licence.txt"/></language>
<language code="0x045F"><eula type="txt" path="licence.txt"/></language>
<language code="0x0460"><eula type="txt" path="licence.txt"/></language>
<language code="0x0461"><eula type="txt" path="licence.txt"/></language>
<language code="0x0462"><eula type="txt" path="licence.txt"/></language>
<language code="0x0463"><eula type="txt" path="licence.txt"/></language>
<language code="0x0464"><eula type="txt" path="licence.txt"/></language>
<language code="0x0465"><eula type="txt" path="licence.txt"/></language>
<language code="0x0466"><eula type="txt" path="licence.txt"/></language>
<language code="0x0467"><eula type="txt" path="licence.txt"/></language>
<language code="0x0468"><eula type="txt" path="licence.txt"/></language>
<language code="0x0469"><eula type="txt" path="licence.txt"/></language>
<language code="0x046A"><eula type="txt" path="licence.txt"/></language>
<language code="0x046B"><eula type="txt" path="licence.txt"/></language>
<language code="0x046C"><eula type="txt" path="licence.txt"/></language>
<language code="0x046D"><eula type="txt" path="licence.txt"/></language>
<language code="0x046E"><eula type="txt" path="licence.txt"/></language>
<language code="0x046F"><eula type="txt" path="licence.txt"/></language>
<language code="0x0470"><eula type="txt" path="licence.txt"/></language>
<language code="0x0471"><eula type="txt" path="licence.txt"/></language>
<language code="0x0472"><eula type="txt" path="licence.txt"/></language>
<language code="0x0473"><eula type="txt" path="licence.txt"/></language>
<language code="0x0474"><eula type="txt" path="licence.txt"/></language>
<language code="0x0475"><eula type="txt" path="licence.txt"/></language>
<language code="0x0476"><eula type="txt" path="licence.txt"/></language>
<language code="0x0477"><eula type="txt" path="licence.txt"/></language>
<language code="0x0478"><eula type="txt" path="licence.txt"/></language>
<language code="0x0479"><eula type="txt" path="licence.txt"/></language>
<language code="0x047A"><eula type="txt" path="licence.txt"/></language>
<language code="0x047C"><eula type="txt" path="licence.txt"/></language>
<language code="0x047E"><eula type="txt" path="licence.txt"/></language>
<language code="0x0480"><eula type="txt" path="licence.txt"/></language>
<language code="0x0481"><eula type="txt" path="licence.txt"/></language>
<language code="0x0482"><eula type="txt" path="licence.txt"/></language>
<language code="0x0483"><eula type="txt" path="licence.txt"/></language>
<language code="0x0484"><eula type="txt" path="licence.txt"/></language>
<language code="0x0485"><eula type="txt" path="licence.txt"/></language>
<language code="0x0486"><eula type="txt" path="licence.txt"/></language>
<language code="0x0487"><eula type="txt" path="licence.txt"/></language>
<language code="0x0488"><eula type="txt" path="licence.txt"/></language>
<language code="0x048C"><eula type="txt" path="licence.txt"/></language>
<language code="0x0492"><eula type="txt" path="licence.txt"/></language>
<language code="0x04FF"><eula type="txt" path="licence.txt"/></language>
<language code="0x0800"><eula type="txt" path="licence.txt"/></language>
<language code="0x0801"><eula type="txt" path="licence.txt"/></language>
<language code="0x0803"><eula type="txt" path="licence.txt"/></language>
<language code="0x0804"><eula type="txt" path="licence.txt"/></language>
<language code="0x0807"><eula type="txt" path="licence.txt"/></language>
<language code="0x0809"><eula type="txt" path="licence.txt"/></language>
<language code="0x080A"><eula type="txt" path="licence.txt"/></language>
<language code="0x080C"><eula type="txt" path="licence.txt"/></language>
<language code="0x0810"><eula type="txt" path="licence.txt"/></language>
<language code="0x0813"><eula type="txt" path="licence.txt"/></language>
<language code="0x0814"><eula type="txt" path="licence.txt"/></language>
<language code="0x0816"><eula type="txt" path="licence.txt"/></language>
<language code="0x0818"><eula type="txt" path="licence.txt"/></language>
<language code="0x0819"><eula type="txt" path="licence.txt"/></language>
<language code="0x081A"><eula type="txt" path="licence.txt"/></language>
<language code="0x081D"><eula type="txt" path="licence.txt"/></language>
<language code="0x0820"><eula type="txt" path="licence.txt"/></language>
<language code="0x082C"><eula type="txt" path="licence.txt"/></language>
<language code="0x082E"><eula type="txt" path="licence.txt"/></language>
<language code="0x0832"><eula type="txt" path="licence.txt"/></language>
<language code="0x083B"><eula type="txt" path="licence.txt"/></language>
<language code="0x083C"><eula type="txt" path="licence.txt"/></language>
<language code="0x083E"><eula type="txt" path="licence.txt"/></language>
<language code="0x0843"><eula type="txt" path="licence.txt"/></language>
<language code="0x0845"><eula type="txt" path="licence.txt"/></language>
<language code="0x0846"><eula type="txt" path="licence.txt"/></language>
<language code="0x0849"><eula type="txt" path="licence.txt"/></language>
<language code="0x0850"><eula type="txt" path="licence.txt"/></language>
<language code="0x0851"><eula type="txt" path="licence.txt"/></language>
<language code="0x0859"><eula type="txt" path="licence.txt"/></language>
<language code="0x085D"><eula type="txt" path="licence.txt"/></language>
<language code="0x085F"><eula type="txt" path="licence.txt"/></language>
<language code="0x0860"><eula type="txt" path="licence.txt"/></language>
<language code="0x0861"><eula type="txt" path="licence.txt"/></language>
<language code="0x0867"><eula type="txt" path="licence.txt"/></language>
<language code="0x086B"><eula type="txt" path="licence.txt"/></language>
<language code="0x0873"><eula type="txt" path="licence.txt"/></language>
<language code="0x0C00"><eula type="txt" path="licence.txt"/></language>
<language code="0x0C01"><eula type="txt" path="licence.txt"/></language>
<language code="0x0C04"><eula type="txt" path="licence.txt"/></language>
<language code="0x0C07"><eula type="txt" path="licence.txt"/></language>
<language code="0x0C09"><eula type="txt" path="licence.txt"/></language>
<language code="0x0C0A"><eula type="txt" path="licence.txt"/></language>
<language code="0x0C0C"><eula type="txt" path="licence.txt"/></language>
<language code="0x0C1A"><eula type="txt" path="licence.txt"/></language>
<language code="0x0C3B"><eula type="txt" path="licence.txt"/></language>
<language code="0x0C6B"><eula type="txt" path="licence.txt"/></language>
<language code="0x1000"><eula type="txt" path="licence.txt"/></language>
<language code="0x1001"><eula type="txt" path="licence.txt"/></language>
<language code="0x1004"><eula type="txt" path="licence.txt"/></language>
<language code="0x1007"><eula type="txt" path="licence.txt"/></language>
<language code="0x1009"><eula type="txt" path="licence.txt"/></language>
<language code="0x100A"><eula type="txt" path="licence.txt"/></language>
<language code="0x100C"><eula type="txt" path="licence.txt"/></language>
<language code="0x101A"><eula type="txt" path="licence.txt"/></language>
<language code="0x103B"><eula type="txt" path="licence.txt"/></language>
<language code="0x1400"><eula type="txt" path="licence.txt"/></language>
<language code="0x1401"><eula type="txt" path="licence.txt"/></language>
<language code="0x1404"><eula type="txt" path="licence.txt"/></language>
<language code="0x1407"><eula type="txt" path="licence.txt"/></language>
<language code="0x1409"><eula type="txt" path="licence.txt"/></language>
<language code="0x140A"><eula type="txt" path="licence.txt"/></language>
<language code="0x140C"><eula type="txt" path="licence.txt"/></language>
<language code="0x141A"><eula type="txt" path="licence.txt"/></language>
<language code="0x143B"><eula type="txt" path="licence.txt"/></language>
<language code="0x1801"><eula type="txt" path="licence.txt"/></language>
<language code="0x1809"><eula type="txt" path="licence.txt"/></language>
<language code="0x180A"><eula type="txt" path="licence.txt"/></language>
<language code="0x180C"><eula type="txt" path="licence.txt"/></language>
<language code="0x181A"><eula type="txt" path="licence.txt"/></language>
<language code="0x183B"><eula type="txt" path="licence.txt"/></language>
<language code="0x1C01"><eula type="txt" path="licence.txt"/></language>
<language code="0x1C09"><eula type="txt" path="licence.txt"/></language>
<language code="0x1C0A"><eula type="txt" path="licence.txt"/></language>
<language code="0x1C0C"><eula type="txt" path="licence.txt"/></language>
<language code="0x1C1A"><eula type="txt" path="licence.txt"/></language>
<language code="0x1C3B"><eula type="txt" path="licence.txt"/></language>
<language code="0x2001"><eula type="txt" path="licence.txt"/></language>
<language code="0x2009"><eula type="txt" path="licence.txt"/></language>
<language code="0x200A"><eula type="txt" path="licence.txt"/></language>
<language code="0x200C"><eula type="txt" path="licence.txt"/></language>
<language code="0x201A"><eula type="txt" path="licence.txt"/></language>
<language code="0x203B"><eula type="txt" path="licence.txt"/></language>
<language code="0x2401"><eula type="txt" path="licence.txt"/></language>
<language code="0x2409"><eula type="txt" path="licence.txt"/></language>
<language code="0x240A"><eula type="txt" path="licence.txt"/></language>
<language code="0x240C"><eula type="txt" path="licence.txt"/></language>
<language code="0x243B"><eula type="txt" path="licence.txt"/></language>
<language code="0x2801"><eula type="txt" path="licence.txt"/></language>
<language code="0x2809"><eula type="txt" path="licence.txt"/></language>
<language code="0x280A"><eula type="txt" path="licence.txt"/></language>
<language code="0x280C"><eula type="txt" path="licence.txt"/></language>
<language code="0x2C01"><eula type="txt" path="licence.txt"/></language>
<language code="0x2C09"><eula type="txt" path="licence.txt"/></language>
<language code="0x2C0A"><eula type="txt" path="licence.txt"/></language>
<language code="0x2C0C"><eula type="txt" path="licence.txt"/></language>
<language code="0x3001"><eula type="txt" path="licence.txt"/></language>
<language code="0x3009"><eula type="txt" path="licence.txt"/></language>
<language code="0x300A"><eula type="txt" path="licence.txt"/></language>
<language code="0x300C"><eula type="txt" path="licence.txt"/></language>
<language code="0x3401"><eula type="txt" path="licence.txt"/></language>
<language code="0x3409"><eula type="txt" path="licence.txt"/></language>
<language code="0x340A"><eula type="txt" path="licence.txt"/></language>
<language code="0x340C"><eula type="txt" path="licence.txt"/></language>
<language code="0x3801"><eula type="txt" path="licence.txt"/></language>
<language code="0x3809"><eula type="txt" path="licence.txt"/></language>
<language code="0x380A"><eula type="txt" path="licence.txt"/></language>
<language code="0x380C"><eula type="txt" path="licence.txt"/></language>
<language code="0x3C01"><eula type="txt" path="licence.txt"/></language>
<language code="0x3C09"><eula type="txt" path="licence.txt"/></language>
<language code="0x3C0A"><eula type="txt" path="licence.txt"/></language>
<language code="0x3C0C"><eula type="txt" path="licence.txt"/></language>
<language code="0x4001"><eula type="txt" path="licence.txt"/></language>
<language code="0x4009"><eula type="txt" path="licence.txt"/></language>
<language code="0x400A"><eula type="txt" path="licence.txt"/></language>
<language code="0x4409"><eula type="txt" path="licence.txt"/></language>
<language code="0x440A"><eula type="txt" path="licence.txt"/></language>
<language code="0x4809"><eula type="txt" path="licence.txt"/></language>
<language code="0x480A"><eula type="txt" path="licence.txt"/></language>
<language code="0x4C0A"><eula type="txt" path="licence.txt"/></language>
<language code="0x500A"><eula type="txt" path="licence.txt"/></language>
<language code="0x540A"><eula type="txt" path="licence.txt"/></language>
<language code="0x580A"><eula type="txt" path="licence.txt"/></language>
<language code="0x781A"><eula type="txt" path="licence.txt"/></language>
<language code="0x7C04"><eula type="txt" path="licence.txt"/></language>
<language code="0x7C1A"><eula type="txt" path="licence.txt"/></language>
<language code="0xE40C"><eula type="txt" path="licence.txt"/></language>
</dpinst>
